{"cameraMode":{"drawMode":0,"name":"Shaded","section":"Shading Mode"},"sceneLighting":false,"audioPlay":false,"sceneViewState":{"m_AlwaysRefresh":false,"showFog":true,"showSkybox":false,"showFlares":true,"showImageEffects":true,"showParticleSystems":true,"showVisualEffectGraphs":true,"m_FxEnabled":true},"in2DMode":false,"pivot":{"x":-7.741999626159668,"y":3.1490001678466799,"z":-0.009999999776482582},"rotation":{"x":0.057841114699840549,"y":0.029945142567157747,"z":-0.0017369232373312116,"w":0.9978857040405273},"size":0.06873871386051178,"orthographic":false}